id,parent_id,name,name_en,area
1001,10,พระนคร,Phra Nakhon,6.24279066223
1002,10,ป้อมปราบศัตรูพ่าย,Pom Prap Sattruphai,2.88261379915
1003,10,สัมพันธวงศ์,Samphanthawong,1.63374256398
1004,10,ปทุมวัน,Pathum Wan,9.29330504082
1005,10,บางรัก,Bang Rak,4.63468609846
1006,10,ยานนาวา,Yannawa,14.4052641028
1007,10,สาธร,Sa Thon,8.595907991939999
1008,10,บางคอแหลม,Bang Kho Laem,9.46722807932
1009,10,ดุสิต,Dusit,13.1177413919
1010,10,บางซื่อ,Bang Su,15.2311977335
1011,10,พญาไท,Phaya Thai,10.5083871414
1012,10,ราชเทวี,Rat Thewi,8.35015942863
1013,10,ห้วยขวาง,Huai Khwang,18.9386975998
1014,10,ดินแดง,Din Daeng,9.86531608561
1015,10,พระโขนง,Phra Khanong,15.5346961336
1016,10,คลองเตย,Khlong Toei,15.3199771025
1017,10,ประเวศ,Prawet,62.2654349816
1018,10,สวนหลวง,Suan Luang,27.9459526084
1019,10,บางเขน,Bang Khen,47.182370570399996
1020,10,ดอนเมือง,Don Maung,41.9506553115
1021,10,จตุจักร,Chatuchak,37.5985045141
1022,10,บางกะปิ,Bang Kapi,31.9006417364
1023,10,ลาดพร้าว,Lat Phrao,24.1319571915
1024,10,บึงกุ่ม,Bung Kum,27.0840114254
1025,10,หนองจอก,Nong Chok,272.047508558
1026,10,มีนบุรี,Min Buri,70.69581342929999
1027,10,ลาดกระบัง,Lat Krabang,144.394665665
1028,10,ธนบุรี,Thon Buri,9.85335746938
1029,10,คลองสาน,Khlong San,6.89703959778
1030,10,บางกอกน้อย,Bangkok Noi,14.251012364900001
1031,10,บางพลัด,Bang Phlat,13.7115489849
1032,10,บางกอกใหญ่,Bangkok Yai,7.22605888867
1033,10,ภาษีเจริญ,Phasi Charoen,21.949661128
1034,10,บางขุนเทียน,Bang Khun Thian,148.034985401
1035,10,จอมทอง,Chom Thong,26.3293623821
1036,10,ตลิ่งชัน,Taling Chan,41.4766447449
1037,10,ราษฎร์บูรณะ,Rat Burana,14.5758391254
1038,10,หนองแขม,Nong Khaem,41.6821191738
1039,10,วัฒนา,Watthana,14.9293293157
1040,10,บางแค,Bang Khae,55.3202307536
1041,10,หลักสี่,Lak Si,26.545110254900003
1042,10,สายไหม,Sai Mai,49.804675976000006
1043,10,คันนายาว,Khanna Yao,29.587689367400003
1044,10,สะพานสูง,Saphan Sung,32.273121751299996
1045,10,วังทองหลาง,Wang Thong Lang,20.260824614700002
1046,10,คลองสามวา,Khlong Sam Wa,131.843727482
1047,10,บางนา,Bang Na,19.0212154522
1048,10,ทวีวัฒนา,Thawi Watthana,58.4942778108
1049,10,ทุ่งครุ,Thung Khu,38.4413537446
1050,10,บางบอน,Bang Bon,39.6332215129
1101,11,เมืองสมุทรปราการ,Mueang Samut Prakan,212.074886773
1102,11,บางบ่อ,Bang Bo,265.155784632
1103,11,บางพลี,Bang Phli,245.691723106
1104,11,พระประแดง,Phra Pradaeng,66.56664507020001
1105,11,พระสมุทรเจดีย์,Phra Samut Chedi,191.507197643
1106,11,บางเสาธง,Bang Sao Thong,137.44248113499998
1201,12,เมืองนนทบุรี,Mueang Nonthaburi,85.28159141869999
1202,12,บางกรวย,Bang Kruai,63.343377559299995
1203,12,บางใหญ่,Bang Yai,107.894470158
1204,12,บางบัวทอง,Bang Bua Thong,137.960704276
1205,12,ไทรน้อย,Sai Noi,233.05790477200003
1206,12,ปากเกร็ด,Pak Kret,108.26677292299999
1301,13,เมืองปทุมธานี,Mueang Pathum Thani,167.058375898
1302,13,คลองหลวง,Khlong Luang,352.739518181
1303,13,ธัญบุรี,Thanyaburi,129.80628434
1304,13,หนองเสือ,Nong Suea,395.079413349
1305,13,ลาดหลุมแก้ว,Lat Lum Kaeo,224.797909132
1306,13,ลำลูกกา,Lam Luk Ka,351.440004148
1307,13,สามโคก,Sam Khok,139.01012039
1401,14,พระนครศรีอยุธยา,Phra Nakhon Si Ayutthaya,136.321155697
1402,14,ท่าเรือ,Tha Ruea,126.15673546400001
1403,14,นครหลวง,Nakhon Luang,159.67133022299998
1404,14,บางไทร,Bang Sai,275.8252070759
1405,14,บางบาล,Bang Ban,158.203924184
1406,14,บางปะอิน,Bang Pa-In,287.755051308
1407,14,บางปะหัน,Bang Pahan,151.542919878
1408,14,ผักไห่,Phak Hai,202.000385628
1409,14,ภาชี,Phachi,138.22620059099998
1410,14,ลาดบัวหลวง,Lat Bua Luang,226.762700497
1411,14,วังน้อย,Wang Noi,271.004794787
1412,14,เสนา,Sena,248.98585815400003
1413,14,บางซ้าย,Bang Sai,190.48752419299998
1414,14,อุทัย,Uthai,197.459417139
1415,14,มหาราช,Maharat,125.90631639399999
1416,14,บ้านแพรก,Ban Phraek,50.8689451131
1501,15,เมืองอ่างทอง,Mueang Ang Thong,131.069107066
1502,15,ไชโย,Chaiyo,83.6810850146
1503,15,ป่าโมก,Pa Mok,92.5250924669
1504,15,โพธิ์ทอง,Pho Thong,233.40793388699998
1505,15,แสวงหา,Sawaeng Ha,182.30638122
1506,15,วิเศษชัยชาญ,Wiset Chai Chan,274.221750343
1507,15,สามโก้,Sam Ko,102.438638677
1601,16,เมืองลพบุรี,Mueang Lop Buri,877.520131151
1602,16,พัฒนานิคม,Phatthana Nikhom,1011.655697
1603,16,โคกสำโรง,Khok Samrong,816.326162193
1604,16,ชัยบาดาล,Chai Badan,1316.03549269
1605,16,ท่าวุ้ง,Tha Wung,290.68859803
1606,16,บ้านหมี่,Ban Mi,629.530714258
1607,16,ท่าหลวง,Tha Luang,462.03937133
1608,16,สระโบสถ์,Sa Bot,373.37518952600004
1609,16,โคกเจริญ,Khok Charoen,609.251836497
1610,16,ลำสนธิ,Lam Sonthi,619.471452767
1611,16,หนองม่วง,Nong Muang,528.1614378539999
1701,17,เมืองสิงห์บุรี,Mueang Sing Buri,145.23598206600002
1702,17,บางระจัน,Bang Rachan,217.20024339199998
1703,17,ค่ายบางระจัน,Khai Bang Rachan,125.852926389
1704,17,พรหมบุรี,Phrom Buri,98.1238159622
1705,17,ท่าช้าง,Tha Chang,48.4723699803
1706,17,อินทร์บุรี,In Buri,310.857446081
1801,18,เมืองชัยนาท,Mueang Chai Nat,326.12835464700004
1802,18,มโนรมย์,Manorom,295.544589614
1803,18,วัดสิงห์,Wat Sing,321.264842288
1804,18,สรรพยา,Sapphaya,257.8448125
1805,18,สรรคบุรี,Sankha Buri,397.042518436
1806,18,หันคา,Han Kha,631.624744985
1807,18,หนองมะโมง,Nong Mamong,353.55794370999996
1808,18,เนินขาม,Noen Kham,317.360879237
1901,19,เมืองสระบุรี,Mueang Saraburi,209.23664775199998
1902,19,แก่งคอย,Kaeng Khoi,892.067232569
1903,19,หนองแค,Nong Khae,356.586229151
1904,19,วิหารแดง,Wihan Daeng,213.7814878
1905,19,หนองแซง,Nong Saeng,98.894609679
1906,19,บ้านหมอ,Ban Mo,180.600899856
1907,19,ดอนพุด,Don Phut,66.3204704319
1908,19,หนองโดน,Nong Don,155.044234988
1909,19,พระพุทธบาท,Phraphutthabat,258.165710237
1910,19,เสาไห้,Sao Hai,138.187794602
1911,19,มวกเหล็ก,Muak Lek,948.326581898
1912,19,วังม่วง,Wang Muang,320.181739176
1913,19,เฉลิมพระเกียรติ,Chaloem Phrakiat,202.6548096
2001,20,เมืองชลบุรี,Mueang Chon Buri,295.74194049199997
2002,20,บ้านบึง,Ban Bueng,686.529128934
2003,20,หนองใหญ่,Nong Yai,527.6395520030001
2004,20,บางละมุง,Bang Lamung,577.388739021
2005,20,พานทอง,Phan Thong,194.08358288999997
2006,20,พนัสนิคม,Phanat Nikhom,555.0825076870001
2007,20,ศรีราชา,Si Racha,721.3597032668586
2008,20,เกาะสีชัง,Ko Si Chang,7.46068915845
2009,20,สัตหีบ,Sattahip,331.8858793131889
2010,20,บ่อทอง,Bo Thong,963.623841934
2011,20,เกาะจันทร์,Ko Chan,311.582919844
2012,20,บางละมุง,Bang La Mung,42.5966201176126
2101,21,เมืองระยอง,Mueang Rayong,779.5906109165868
2102,21,บ้านฉาง,Ban Chang,188.744750787
2103,21,แกลง,Klaeng,851.3867580175472
2104,21,วังจันทร์,Wang Chan,431.925615896
2105,21,บ้านค่าย,Ban Khai,549.367728202
2106,21,ปลวกแดง,Pluak Daeng,614.228597423
2107,21,เขาชะเมา,Khao Chamao,552.0683648309999
2108,21,นิคมพัฒนา,Nikhom Phatthana,272.938654275
2201,22,เมืองจันทบุรี,Mueang Chanthaburi,327.149538736
2202,22,ขลุง,Khlung,909.782200536986
2203,22,ท่าใหม่,Tha Mai,724.662257497895
2204,22,โป่งน้ำร้อน,Pong Nam Ron,1178.02472378
2205,22,มะขาม,Makham,515.289932608
2206,22,แหลมสิงห์,Laem Sing,198.38499162090048
2207,22,สอยดาว,Soi Dao,929.4468007300001
2208,22,แก่งหางแมว,Kaeng Hang Maeo,1408.679071
2209,22,นายายอาม,Na Yai Am,331.132119334
2210,22,เขาคิชฌกูฏ,Khao Khitchakut,904.2792379470001
2301,23,เมืองตราด,Mueang Trat,1096.45256027
2302,23,คลองใหญ่,Khlong Yai,84.6979209374
2303,23,เขาสมิง,Khao Saming,752.8254458250001
2304,23,บ่อไร่,Bo Rai,785.41120739
2305,23,แหลมงอบ,Laem Ngop,192.351430472
2306,23,เกาะกูด,Ko Kut,151.48421980246488
2307,23,เกาะช้าง,Ko Chang,253.993127641292
2401,24,เมืองฉะเชิงเทรา,Mueang Chachoengsao,445.615531341
2402,24,บางคล้า,Bang Khla,272.708842907
2403,24,บางน้ำเปรี้ยว,Bang Nam Priao,575.4244841670001
2404,24,บางปะกง,Bang Pakong,301.19707166
2405,24,บ้านโพธิ์,Ban Pho,244.437095887
2406,24,พนมสารคาม,Phanom Sarakham,591.939003746
2407,24,ราชสาส์น,Ratchasan,167.59518106299998
2408,24,สนามชัยเขต,Sanam Chai Khet,1235.1462608699999
2409,24,แปลงยาว,Plaeng Yao,379.555269036
2410,24,ท่าตะเกียบ,Tha Takiap,1647.21546474
2411,24,คลองเขื่อน,Khlong Khuean,124.043771073
2501,25,เมืองปราจีนบุรี,Mueang Prachin Buri,548.932215325
2502,25,กบินทร์บุรี,Kabin Buri,1626.3184206600001
2503,25,นาดี,Na Di,1395.51633364
2506,25,บ้านสร้าง,Ban Sang,432.017532084
2507,25,ประจันตคาม,Prachantakham,1097.57576891
2508,25,ศรีมหาโพธิ,Si Mahapho,557.752061245
2509,25,ศรีมโหสถ,Si Mahosot,163.67247675099998
2601,26,เมืองนครนายก,Mueang Nakhon Nayok,945.254164089
2602,26,ปากพลี,Pak Phli,509.74782414099997
2603,26,บ้านนา,Ban Na,419.860255541
2604,26,องครักษ์,Ongkharak,604.34943935
2701,27,เมืองสระแก้ว,Mueang Sa Kaeo,1616.41044685
2702,27,คลองหาด,Khlong Hat,560.542547126
2703,27,ตาพระยา,Ta Phraya,1124.36363464
2704,27,วังน้ำเย็น,Wang Nam Yen,500.330164875
2705,27,วัฒนานคร,Watthana Nakhon,1751.92822922
2706,27,อรัญประเทศ,Aranya Prathet,851.8984680039998
2707,27,เขาฉกรรจ์,Khao Chakan,536.121713878
2708,27,โคกสูง,Khok Sung,395.472880649
2709,27,วังสมบูรณ์,Wang Sombun,579.988752266
3001,30,เมืองนครราชสีมา,Mueang Nakhon Ratchasima,885.656236078
3002,30,ครบุรี,Khon Buri,2168.6273107800002
3003,30,เสิงสาง,Soeng Sang,1097.49561733
3004,30,คง,Khong,753.4105102899999
3005,30,บ้านเหลื่อม,Ban Lueam,256.988066486
3006,30,จักราช,Chakkarat,649.364016475
3007,30,โชคชัย,Chok Chai,632.2508863200001
3008,30,ด่านขุนทด,Dan Khun Thot,1610.24734338
3009,30,โนนไทย,Non Thai,634.268744955
3010,30,โนนสูง,Non Sung,800.032138495
3011,30,ขามสะแกแสง,Kham Sakae Saeng,393.117657484
3012,30,บัวใหญ่,Bua Yai,583.7358071369999
3013,30,ประทาย,Prathai,623.5797564229999
3014,30,ปักธงชัย,Pak Thong Chai,1166.1628478900002
3015,30,พิมาย,Phimai,1034.49784645
3016,30,ห้วยแถลง,Huai Thalaeng,620.216998156
3017,30,ชุมพวง,Chum Phuang,749.022457901
3018,30,สูงเนิน,Sung Noen,884.716582352
3019,30,ขามทะเลสอ,Kham Thale So,240.756087976
3020,30,สีคิ้ว,Sikhio,1351.93603966
3021,30,ปากช่อง,Pak Chong,2291.6517786599998
3022,30,หนองบุญมาก,Nong Bunnak,637.6047248589999
3023,30,แก้งสนามนาง,Kaeng Sanam Nang,370.11651963099996
3024,30,โนนแดง,Non Daeng,193.013201363
3025,30,วังน้ำเขียว,Wang Nam Khiao,1233.65904202
3026,30,เทพารัษ์,Thepharak,426.64195014999996
3027,30,เมืองยาง,Mueang Yang,310.945256319
3028,30,พระทองคำ,Phra Thongkham,403.38346108999997
3029,30,ลำทะเมนชัย,Lam Thamenchai,307.773296798
3030,30,บัวลาย,Bua Lai,204.549930362
3031,30,สีดา,Si Da,212.301644731
3032,30,เฉลิมพระเกียรติ,Chaloem Phrakiat,326.845121299
3101,31,เมืองบุรีรัมย์,Mueang Buri Ram,967.320419656
3102,31,คูเมือง,Khu Mueang,509.296729143
3103,31,กระสัง,Krasang,723.9397532840001
3104,31,นางรอง,Nang Rong,885.216372406
3105,31,หนองกี่,Nong Ki,515.867550672
3106,31,ละหานทราย,Lahan Sai,792.651328904
3107,31,ประโคนชัย,Prakhon Chai,972.807102054
3108,31,บ้านกรวด,Ban Kruat,645.317847311
3109,31,พุทไธสง,Phutthaisong,364.18480675
3110,31,ลำปลายมาศ,Lam Plai Mat,957.06511529
3111,31,สตึก,Satuek,719.8086153810001
3112,31,ปะคำ,Pakham,406.952465847
3113,31,นาโพธิ์,Na Pho,244.94664953400002
3114,31,หนองหงส์,Nong Hong,364.178591718
3115,31,พลับพลาชัย,Phlapphla Chai,305.625569468
3116,31,ห้วยราช,Huai Rat,202.779985541
3117,31,โนนสุวรรณ,Non Suwan,231.278527249
3118,31,ชำนิ,Chamni,277.411074933
3119,31,บ้านใหม่ไชยพจน์,Ban Mai Chaiphot,202.159840194
3120,31,โนนดินแดง,Non Din Daeng,637.486375492
3121,31,บ้านด่าน,Ban Dan,197.968782538
3122,31,แคนดง,Khaen Dong,298.843916056
3123,31,เฉลิมพระเกียรติ,Chaloem Phrakiat,275.12984482
3201,32,เมืองสุรินทร์,Mueang Surin,1273.48326127
3202,32,ชุมพลบุรี,Chumphon Buri,762.90442394
3203,32,ท่าตูม,Tha Tum,847.827369745
3204,32,จอมพระ,Chom Phra,383.747826342
3205,32,ปราสาท,Prasat,1137.4586048499998
3206,32,กาบเชิง,Kap Choeng,664.000431203
3207,32,รัตนบุรี,Rattana Buri,666.5563145169999
3208,32,สนม,Sanom,248.729697443
3209,32,ศีขรภูมิ,Si Khoraphum,848.113518126
3210,32,สังขะ,Sangkha,1150.78481125
3211,32,ลำดวน,Lamduan,253.303985001
3212,32,สำโรงทาบ,Samrong Thap,324.11072787
3213,32,บัวเชด,Bua Chet,549.288685462
3214,32,พนมดงรัก,Phanom Dong Rak,376.303609765
3215,32,ศรีณรงค์,Si Narong,361.677679545
3216,32,เขวาสินรินทร์,Khewa Sinarin,214.18645691499998
3217,32,โนนนารายณ์,Non Narai,216.435296147
3301,33,เมืองศรีเกษ,Mueang Si Sa Ket,632.004411996
3302,33,ยางชุมน้อย,Yang Chum Noi,258.019813515
3303,33,กันทรารมย์,Kanthararom,831.1652595190001
3304,33,กันทรลักษ์,Kantharalak,1605.76477616
3305,33,ขุขันธ์,Khukhan,901.48025393
3306,33,ไพรบึง,Phrai Bueng,315.80491619599997
3307,33,ปรางค์กู่,Prang Ku,450.875753047
3308,33,ขุนหาญ,Khun Han,1068.96502289
3309,33,ราษีไศล,Rasi Salai,583.772968798
3310,33,อุทุมพรพิสัย,Uthumphon Phisai,511.777397359
3311,33,บึงบูรพ์,Bueng Bun,61.829684943800004
3312,33,ห้วยทับทัน,Huai Thapthan,248.631596382
3313,33,โนนคูณ,Non Khun,324.61784683099995
3314,33,ศรีรัตนะ,Si Rattana,268.247295674
3315,33,น้ำเกลี้ยง,Nam Kliang,323.253462154
3316,33,วังหิน,Wang Hin,338.168806718
3317,33,ภูสิงห์,Phu Sing,715.0987522419999
3318,33,เมืองจันทร์,Mueang Chan,120.768440434
3319,33,เบญจลักษ์,Benchalak,309.329857995
3320,33,พยุห์,Phayu,197.962633378
3321,33,โพธิ์ศรีสุวรรณ,Pho Si Suwan,133.832172127
3322,33,ศิลาลาด,Sila Lat,169.959751242
3401,34,เมืองอุบลราชธานี,Mueang Ubon Ratchathani,665.883825139
3402,34,ศรีเมืองใหม่,Si Mueang Mai,1108.22161615
3403,34,โขงเจียม,Khong Chiam,839.505346178
3404,34,เขื่องใน,Khueang Nai,1016.63300222
3405,34,เขมราฐ,Khemarat,721.505328663
3407,34,เดชอุดม,Det Udom,1488.2724033
3408,34,นาจะหลวย,Na Chaluai,695.475936073
3409,34,น้ำยืน,Nam Yuen,1287.10672219
3410,34,บุณฑริก,Buntharik,1743.7209878699998
3411,34,ตระการพืชผล,Trakan Phuet Phon,1203.77328093
3412,34,กุดข้าวปุ้น,Kut Khao Pun,385.277076392
3414,34,ม่วงสามสิบ,Muang Sam Sip,848.081827095
3415,34,วารินชำราบ,Warin Chamrap,726.508393297
3419,34,พิบูลมังสาหาร,Phibun Mangsahan,1125.7363411600002
3420,34,ตาลสุม,Tan Sum,348.657215199
3421,34,โพธิ์ไทร,Pho Sai,645.821436612
3422,34,สำโรง,Samrong,452.342312565
3424,34,ดอนมดแดง,Don Mot Daeng,181.399222995
3425,34,สิรินธร,Sirindhorn,905.975852599
3426,34,ทุ่งศรีอุดม,Thung Si Udom,294.43363870499996
3429,34,นาเยีย,Na Yia,280.575580673
3430,34,นาตาล,Na Tan,242.403518922
3431,34,เหล่าเสือโก้ก,Lao Suea Kok,297.748885609
3432,34,สว่างวีระวงศ์,Sawang Wirawong,308.194866543
3433,34,น้ำขุ่น,Nam Khun,325.28091249199997
3501,35,เมืองยโสธร,Mueang Yasothon,763.357175405
3502,35,ทรายมูล,Sai Mun,284.46623238999996
3503,35,กุดชุม,Kut Chum,652.377850712
3504,35,คำเขื่อนแก้ว,Kham Khuean Kaeo,644.98580833
3505,35,ป่าติ้ว,Pa Tio,368.29431199299995
3506,35,มหาชนะชัย,Maha Chanachai,492.595913554
3507,35,ค้อวัง,Kho Wang,225.008640746
3508,35,เลิงนกทา,Loeng Nok Tha,1051.55056501
3509,35,ไทยเจริญ,Thai Charoen,316.214766166
3601,36,เมืองหนองบัวลำภู,Mueang Nong Bua Lamphu,1669.52966496
3602,36,บ้านเขว้า,Ban Khwao,568.3419684830001
3603,36,คอนสวรรค์,Khon Sawan,535.3589482699999
3604,36,เกษตรสมบูรณ์,Kaset Sombun,1239.12998313
3605,36,หนองบัวแดง,Nong Bua Daeng,2478.33476587
3606,36,จัตุรัส,Chatturat,789.132301713
3607,36,บำเหน็จณรงค์,Bamnet Narong,549.1597429889999
3608,36,หนองบัวระเหว,Nong Bua Rawe,848.227358698
3609,36,เทพสถิต,Thep Sathit,1121.7491276300002
3610,36,ภูเขียว,Phu Khiao,932.036497978
3611,36,บ้านแท่น,Ban Thaen,373.550036865
3612,36,แก้งคร้อ,Kaeng Khro,768.227364273
3613,36,คอนสาร,Khon San,1529.7509057
3614,36,ภักดีชุมพล,Phakdi Chumphon,709.2558940629999
3615,36,เนินสง่า,Noen Sa-Nga,311.205451381
3616,36,ซับใหญ่,Sap Yai,323.008182481
3701,37,เมืองอำนาจเจริญ,Mueang Amnat Charoen,1057.460112
3702,37,ชานุมาน,Chanuman,688.222714518
3703,37,ปทุมราชวงศา,Pathum Ratchawongsa,582.3322389140001
3704,37,พนา,Phana,288.671143759
3705,37,เสนางคนิคม,Senangkha Nikhom,423.194018289
3706,37,หัวตะพาน,Hua Taphan,473.994342621
3707,37,ลืออำนาจ,Lue Amnat,311.19811716000004
3801,38,บึงกาฬ,Bung Kan,1051.53338526
3802,38,พรเจริญ,Phon Chareon,437.99174629400005
3803,38,โซ่พิสัย,So Phisai,707.512024829
3804,38,เซกา,Seka,1013.4380799
3805,38,ปากคาด,Pak Khat,330.031102234
3806,38,บึงโขงหลง,Bung Khlong Long,403.466338543
3807,38,ศรีวิไล,Si Wilai,401.404953439
3808,38,บุ่งคล้า,Bungkha,318.45982465
4001,40,เมืองขอนแก่น,Mueang Khon Kaen,1139.24952523
4002,40,บ้านฝาง,Ban Fang,405.532063961
4003,40,พระยืน,Phra Yuen,263.218812761
4004,40,หนองเรือ,Nong Ruea,616.511996327
4005,40,ชุมแพ,Chum Phae,782.107382768
4006,40,สีชมพู,Si Chomphu,606.600883705
4007,40,น้ำพอง,Nam Phong,879.554523761
4008,40,อุบลรัตน์,Ubonrat,484.890723699
4009,40,กระนวน,Kranuan,563.559648047
4010,40,บ้านไผ่,Ban Phai,588.257079367
4011,40,เปือยน้อย,Pueai Noi,166.284807975
4012,40,พล,Phon,527.563744188
4013,40,แวงใหญ่,Waeng Yai,264.015929336
4014,40,แวงน้อย,Waeng Noi,339.385469566
4015,40,หนองสองห้อง,Nong Song Hong,594.8392849170001
4016,40,เวียงเก่า,Phu Wiang,1069.87585109
4017,40,มัญจาคีรี,Mancha Khiri,785.55144834
4018,40,ชนบท,Chonnabot,368.24575650099996
4019,40,เขาสวนกวาง,Khao Suan Kwang,382.88304355800005
4020,40,ภูผาม่าน,Phu Pha Man,357.585056104
4021,40,ซำสูง,Sam Sung,230.999436185
4022,40,โคกโพธิ์,Khok Pho Chai,300.867771452
4023,40,หนองนา,Nong Na Kham,203.55477508500002
4024,40,บ้านแฮ,Ban Haet,257.876064638
4025,40,โนนศิลา,Non Sila,211.928866243
4101,41,เมืองอุดรธานี,Mueang Udon Thani,1306.31490727
4102,41,กุดจับ,Kut Chap,516.906391264
4103,41,หนองวัวซอ,Nong Wua So,720.965997844
4104,41,กุมภวาปี,Kumphawapi,790.528212469
4105,41,โนนสะอาด,Non Sa-At,507.612831184
4106,41,หนองหาน,Nong Han,809.051004872
4107,41,ทุ่งฝน,Thung Fon,278.436039027
4108,41,ไชยวาน,Chaiwan,410.208152389
4109,41,ศรีธาตุ,Si That,609.489524201
4110,41,วังสามหมอ,Wang Sam Mo,873.304317678
4111,41,บ้านดุง,Ban Dung,1069.5806823
4117,41,บ้านผือ,Ban Phue,1359.2604067900002
4118,41,น้ำโสม,Nam Som,695.362282783
4119,41,เพ็ญ,Phen,1051.36566422
4120,41,สร้างคอม,Sang Khom,319.754585529
4121,41,หนองแสง,Nong Saeng,409.45466352700004
4122,41,นายูง,Na Yung,596.551956011
4123,41,พิบูลย์รักษ์,Phibun Rak,227.171888566
4124,41,กู่แก้ว,Ku Kaeo,157.54556672799998
4125,41,ประจักษ์,Prachak Sinlapakhom,179.26449830899998
4201,42,เมืองเลย,Mueang Loei,1481.38215327
4202,42,นาด้วง,Na Duang,666.2125768129999
4203,42,เชียงคาน,Chiang Khan,984.946227098
4204,42,ปากชม,Pak Chom,1129.9834826800002
4205,42,ด่านซ้าย,Dan Sai,1592.68797115
4206,42,นาแห้ว,Na Haeo,726.697728538
4207,42,ภูเรือ,Phu Ruea,787.957720035
4208,42,ท่าลี่,Tha Li,784.470799161
4209,42,วังสะพุง,Wang Saphung,1288.72348876
4210,42,ภูกระดึง,Phu Kradueng,900.806706439
4211,42,ภูหลวง,Phu Luang,651.0881284630001
4212,42,ผาขาว,Pha Khao,466.240760582
4213,42,เอราวัณ,Erawan,388.61591379799995
4214,42,หนองหิน,Nong Hin,359.995280421
4301,43,เมืองหนองคาย,Mueang Nong Khai,571.2367482640001
4302,43,ท่าบ่อ,Tha Bo,418.315303674
4305,43,โพนพิสัย,Phon Phisai,962.5789022539999
4307,43,ศรีเชียงใหม่,Si Chiang Mai,178.70003614700002
4308,43,สังคม,Sangkhom,536.505392974
4314,43,สระใคร,Sa Khrai,236.46455553799998
4315,43,เฝ้าไร่,Fao Rai,422.45676676700003
4316,43,รัตนวาปี,Rattana Wapi,345.324305053
4317,43,โพธิ์ตาก,Pho Tak,144.15848067
4401,44,เมืองมหาสารคาม,Mueang Maha Sarakham,670.0614939459999
4402,44,แกดำ,Kae Dam,203.616349561
4403,44,โกสุมพิสัย,Kosum Phisai,913.033617205
4404,44,กันทรวิชัย,Kantharawichai,470.769930337
4405,44,เชียงยืน,Chiang Yuen,371.61536992599997
4406,44,บรบือ,Borabue,816.125675052
4407,44,นาเชือก,Na Chueak,543.906375385
4408,44,พยัคฆภูมิพิสัย,Phayakkhaphum Phisai,708.619607601
4409,44,วาปีปทุม,Wapi Pathum,737.957726087
4410,44,นาดูน,Na Dun,294.900306855
4411,44,ยางสีสุราช,Yang Sisurat,254.646444483
4412,44,กุดรัง,Kut Rang,379.040270382
4413,44,ชื่นชม,Chuen Chom,153.28410042899998
4501,45,เมืองร้อยเอ็ด,Mueang Roi Et,523.455225131
4502,45,ร้องกวาง,Kaset Wisai,1168.791567173
4503,45,ปทุมรัตต์,Pathum Rat,408.624477334
4504,45,จตุรพักตรพิมาน,Chaturaphak Phiman,561.93041409
4505,45,ธวัชบุรี,Thawat Buri,547.815213015
4506,45,พนมไพร,Phanom Phrai,512.478494444
4507,45,โพนทอง,Phon Thong,794.588490543
4508,45,โพธิ์ชัย,Pho Chai,437.209445494
4509,45,หนองพอก,Nong Phok,650.0513432810001
4510,45,เสลภูมิ,Selaphum,870.903655007
4511,45,สุวรรณภูมิ,Suwannaphum,986.091170382
4512,45,เมืองสรวง,Mueang Suang,180.133136315
4513,45,โพนทราย,Phon Sai,270.408134554
4514,45,อาจสามารถ,At Samat,447.40464159100003
4515,45,เมยวดี,Moei Wadi,197.513912936
4516,45,ศรีสมเด็จ,Si Somdet,191.609458927
4517,45,จังหาร,Changhan,214.073160382
4518,45,เชียงขวัญ,Chiang Khwan,78.2004952538
4519,45,หนองฮี,Nong Hi,180.56547598699999
4520,45,ทุ่งเขาหลวง,Thung Khao Luang,106.092084286
4601,46,เมืองกาฬสินธ์,Mueang Kalasin,822.488440727
4602,46,นามน,Na Mon,283.309371502
4603,46,กมลาไสย,Kamalasai,391.157679643
4604,46,ร่องคำ,Rong Kham,99.1486204026
4605,46,กุฉินารายณ์,Kuchi Narai,904.1384548020001
4606,46,เขาวง,Khao Wong,257.291509694
4607,46,ยางตลาด,Yang Talat,804.218948645
4608,46,ห้วยเม็ก,Huai Mek,377.693033427
4609,46,สหัสขันธ์,Sahatsakhan,349.232414851
4610,46,คำม่วง,Kham Muang,512.0568147189999
4611,46,ท่าคันโท,Tha Khantho,452.36311912400004
4612,46,หนองกุงศรี,Nong Kung Si,750.436675618
4613,46,สมเด็จ,Somdet,584.492471559
4614,46,ห้วยผึ้ง,Huai Phueng,373.11312697799997
4615,46,สามชัย,Sam Chai,389.269375455
4616,46,นาคู,Na Khu,256.310867377
4617,46,ดอนจาน,Don Chan,290.33886782200005
4618,46,ฆ้องชัยพัฒนา,Khong Chai,171.268877666
4701,47,เมืองสกลนคร,Mueang Sakon Nakhon,1096.63854548
4702,47,กุสุมาลย์,Kusuman,547.9347908220001
4703,47,กุดบาก,Kut Bak,521.301454479
4704,47,พรรณานิคม,Phanna Nikhom,873.565939575
4705,47,พังโคน,Phang Khon,311.214217443
4706,47,วาริชภูมิ,Waritchaphum,479.596486747
4707,47,นิคมน้ำอูน,Nikhom Nam Un,179.807451228
4708,47,วานรนิวาส,Wanon Niwat,1288.43371073
4709,47,คำตากล้า,Kham Ta Kla,446.08628720499996
4710,47,บ้านม่วง,Ban Muang,880.081132304
4711,47,อากาศอำนวย,Akat Amnuai,663.9004010809999
4712,47,สว่างแดนดิน,Sawang Daen Din,1103.1415210599998
4713,47,ส่องดาว,Song Dao,388.309050813
4714,47,เต่างอย,Tao Ngoi,349.246529505
4715,47,โคกศรีสุพรรณ,Khok Si Suphan,295.53230263200004
4716,47,เจริญศิลป์,Charoen Sin,485.723085055
4717,47,โพนนาแก้ว,Phon Na Kaeo,414.985526365
4718,47,ภูพาน,Phu Phan,828.360987763
4801,48,เมืองนครพนม,Mueang Nakhon Phanom,917.542067721
4802,48,ปลาปาก,Pla Pak,644.55244204
4803,48,ท่าอุเทน,Tha Uthen,657.2679505030001
4804,48,บ้านแพง,Ban Phaeng,356.1536904309999
4805,48,ธาตุพนม,That Phanom,400.77147244599996
4806,48,เรณูนคร,Renu Nakhon,264.356965867
4807,48,นาแก,Na Kae,762.864346083
4808,48,ศรีสงคราม,Si Songkhram,888.458773997
4809,48,นาหว้า,Na Wa,412.697309893
4810,48,โพนสวรรค์,Phon Sawan,678.345540852
4811,48,นาทม,Na Thom,382.028787459
4812,48,วังยาง,Wang Yang,195.055218207
4901,49,เมืองมุกดาหาร,Mueang Mukdahan,1414.44168641
4902,49,นิคมคำสร้อย,Nikhom Kham Soi,467.481180703
4903,49,ดอนตาล,Don Tan,583.7658484359999
4904,49,ดงหลวง,Dong Luang,1054.3153600399999
4905,49,คำชะอี,Kham Cha-I,810.0495854420001
4906,49,ว่านใหญ่,Wan Yai,127.044670574
4907,49,หนองสูง,Nong Sung,341.49440238200003
5001,50,เมืองเชียงใหม่,Mueang Chiang Mai,202.843642174
5002,50,จอมทอง,Chom Thong,1282.7390320499999
5003,50,แม่แจ่ม,Mae Chaem,3855.70667258
5004,50,เชียงดาว,Chiang Dao,2400.05127968
5005,50,ดอยสะเก็ด,Doi Saket,756.6447299839999
5006,50,แม่แตง,Mae Taeng,1640.0945735599998
5007,50,แม่ริม,Mae Rim,531.52166599
5008,50,สะเมิง,Samoeng,1222.69253433
5009,50,ฝาง,Fang,974.313115341
5010,50,แม่อาย,Mae Ai,880.859359277
5011,50,พร้าว,Phrao,1485.49340693
5012,50,สันป่าตอง,San Patong,205.115889663
5013,50,สันกำแพง,San Kamphaeng,282.926897869
5014,50,สันทราย,San Sai,396.950849688
5015,50,หางดง,Hang Dong,314.40170458700004
5016,50,ฮอด,Hot,1729.0884544
5017,50,ดอยเต่า,Doi Tao,984.282279679
5018,50,อมก๋อย,Omkoi,3250.74241771
5019,50,สารภี,Saraphi,124.10028239
5020,50,เวียงแหง,Wiang Haeng,916.035348795
5021,50,ไชยปราการ,Chai Prakan,577.833946611
5022,50,แม่วาง,Mae Wang,716.43551446
5023,50,แม่ออน,Mae On,544.310330209
5024,50,ดอยหล่อ,Doi Lo,255.899065702
5101,51,เมืองลำพูน,Mueang Lamphun,554.538318875
5102,51,แม่ทา,Mae Tha,884.086036617
5103,51,บ้านโฮ่ง,Ban Hong,583.987874147
5104,51,ลี้,Li,2075.78559769
5105,51,ทุ่งหัวช้าง,Thung Hua Chang,530.079720393
5106,51,ป่าซาง,Pa Sang,337.92040313999996
5107,51,บ้านธิ,Ban Thi,156.821196228
5108,51,เวียงหนองล่อง,Wiang Nong Long,62.9244865808
5201,52,เมืองลำปาง,Mueang Lampang,1383.59765954
5202,52,แม่เมาะ,Mae Mo,1314.9379221600002
5203,52,เกาะคา,Ko Kha,594.010249426
5204,52,เสริมงาม,Soem Ngam,854.929844637
5205,52,งาว,Ngao,1770.4155856
5206,52,แจ้ห่ม,Chae Hom,1324.6595614100002
5207,52,วังเหนือ,Wang Nuea,1068.52972093
5208,52,เถิน,Thoen,2058.28036355
5209,52,แม่พริก,Mae Phrik,764.403511171
5210,52,แม่ทะ,Mae Tha,937.008371354
5211,52,สบปราบ,Sop Prap,573.367413885
5212,52,ห้างฉัตร,Hang Chat,708.5060789930001
5213,52,เมืองปาน,Mueang Pan,1132.64362081
5301,53,เมืองอุตรดิตถ์,Mueang Uttaradit,938.3642107009999
5302,53,ตรอน,Tron,360.670984826
5303,53,ท่าปลา,Tha Pla,2057.32169442
5304,53,น้ำปาด,Nam Pat,1685.990433
5305,53,ฟากท่า,Fak Tha,749.725860858
5306,53,บ้านโคก,Ban Khok,1147.9204655199999
5307,53,พิชัย,Phichai,806.1968731740001
5308,53,ลับแล,Laplae,543.475807037
5309,53,ทองแสนขัน,Thong Saen Khan,853.280118499
5401,54,เมืองแพร่,Mueang Phrae,923.0449113259999
5402,54,ร้องกวาง,Rong Kwang,827.546052597
5403,54,ลอง,Long,1459.84655014
5404,54,สูงเม่น,Sung Men,424.93726482700004
5405,54,เด่นชัย,Den Chai,633.062282754
5406,54,สอง,Song,1758.2458980899999
5407,54,วังชิ้น,Wang Chin,1165.86125831
5408,54,หนองม่วงไข่,Nong Muang Khai,156.69516070199998
5501,55,เมืองน่าน,Mueang Nan,1155.29697298
5502,55,แม่จริม,Mae Charim,1211.28492983
5503,55,บ้านหลวง,Ban Luang,441.57016702600004
5504,55,นาน้อย,Na Noi,1255.5902768
5505,55,ปัว,Pua,948.5285820080001
5506,55,ท่าวังผา,Tha Wang Pha,894.259622294
5507,55,เวียงสา,Wiang Sa,2513.2734595700003
5508,55,ทุ่งช้าง,Thung Chang,824.37318404
5509,55,เชียงกลาง,Chiang Klang,364.582322846
5510,55,นาหมื่น,Na Muen,1133.74454192
5511,55,สันติสุข,Santi Suk,455.16632580699996
5512,55,บ่อเกลือ,Bo Kluea,1075.56762501
5513,55,สองแคว,Song Khwae,696.518371548
5514,55,ภูเพียง,Phu Phiang,523.787622255
5515,55,เฉลิมพระเกียรติ,Chaloem Phrakiat,660.7384627849999
5601,56,เมืองพะเยา,Mueang Phayao,1027.81415926
5602,56,จุน,Chun,616.8677331670001
5603,56,เชียงคำ,Chiang Kham,980.09444696
5604,56,เชียงม่วน,Chiang Muan,810.83590646
5605,56,ดอกคำใต้,Dok Khamtai,866.37492047
5606,56,ปง,Pong,1964.2430547899999
5607,56,แม่ใจ,Mae Chai,342.53884993599996
5608,56,ภูซาง,Phu Sang,342.774622346
5609,56,ภูกามยาว,Phu Kam Yao,244.74382301
5701,57,เมืองเชียงราย,Mueang Chiang Rai,1915.4557206
5702,57,เวียงชัย,Wiang Chai,405.33993316699997
5703,57,เชียงของ,Chiang Khong,887.681441772
5704,57,เทิง,Thoeng,993.940998667
5705,57,พาน,Phan,1137.4114272699999
5706,57,ป่าแดด,Pa Daet,299.230863036
5707,57,แม่จัน,Mae Chan,785.566528023
5708,57,เชียงแสน,Chiang Saen,529.586600199
5709,57,แม่สาย,Mae Sai,354.573809979
5710,57,แม่สรวย,Mae Saruai,1626.71683888
5711,57,เวียงป่าเป้า,Wiang Pa Pao,1435.5172381500001
5712,57,พญาเม็งราย,Phaya Mengrai,546.926327975
5713,57,เวียงแก่น,Wiang Kaen,536.578137059
5714,57,ขุนตาล,Khun Tan,307.37583926599996
5715,57,แม่ฟ้าหลวง,Mae Fa Luang,770.436033952
5716,57,แม่ลาว,Mae Lao,248.368017879
5717,57,เวียงเชียงรุ้ง,Wiang Chiang Rung,317.898766497
5718,57,ดอยหลวง,Doi Luang,368.427576846
5801,58,เมืองแม่ฮ่องสอน,Mueang Mae Hong Son,2682.22259058
5802,58,ขุนยวม,Khun Yuam,1872.34374232
5803,58,ปาย,Pai,2663.10358063
5804,58,แม่สะเรียง,Mae Sariang,3042.64541629
5805,58,แม่ลาน้อย,Mae La Noi,1583.0051356
5806,58,สบเมย,Sop Moei,1661.0651994300001
5807,58,ปางมะผ้า,Pang Mapha,1270.7644101800001
6001,60,เมืองนครสวรรค์,Mueang Nakhon Sawan,847.1687104839999
6002,60,โกรกพระ,Krok Phra,347.788168741
6003,60,ชุมแสง,Chum Saeng,651.712339522
6004,60,หนองบัว,Nong Bua,952.55832549
6005,60,บรรพตพิสัย,Banphot Phisai,834.439967702
6006,60,เก้าเลี้ยว,Kao Liao,272.965043031
6007,60,ตาคลี,Ta Khli,958.999811295
6008,60,ท่าตะโก,Tha Tako,975.449623187
6009,60,ไพศาลี,Phaisali,1133.58680805
6010,60,พยุหะคีรี,Phayuha Khiri,764.653813787
6011,60,ลาดยาว,Lat Yao,855.745231208
6012,60,ตากฟ้า,Tak Fa,567.289089884
6013,60,แม่วงก์,Mae Wong,1183.19343652
6014,60,แม่เปิน,Mae Poen,394.948900423
6015,60,ชุมตาบง,Chum Ta Bong,287.839849052
6101,61,เมืองอุทัยธานี,Mueang Uthai Thani,265.099497461
6102,61,ทัพทัน,Thapthan,424.205690246
6103,61,สว่างอารมณ์,Sawang Arom,502.910003699
6104,61,หนองฉาง,Nong Chang,399.042321096
6105,61,หนองขาหย่าง,Nong Kha Yang,193.77509836000002
6106,61,บ้านไร่,Ban Rai,3796.9421782199997
6107,61,ลานสัก,Lan Sak,1668.2160024500001
6108,61,ห้วยคต,Huai Khot,433.917384923
6201,62,เมืองกำแพงเพชร,Mueang Kamphaeng Phet,1707.97015271
6202,62,ไทรงาม,Sai Ngam,629.44880548
6203,62,คลองลาน,Khlong Lan,1676.80135302
6204,62,ขาณุวรลักษบุรี,Khanu Woralakburi,1338.2885202
6205,62,คลองขลุง,Khlong Khlung,825.9309696419999
6206,62,พรานกระต่าย,Phran Kratai,1147.90041297
6207,62,ลานกระบือ,Lan Krabue,472.772375116
6208,62,ทรายทองวัฒนา,Sai Thong Watthana,238.285243701
6209,62,ปางศิลาทอง,Pang Sila Thong,867.7197247070001
6210,62,บึงสามัคคี,Bueng Samakkhi,320.27973096
6211,62,โกสัมพีนคร,Kosamphi Nakhon,624.0722575880001
6301,63,เมืองตาก,Mueang Tak,2226.45524437
6302,63,บ้านตาก,Ban Tak,1188.78822519
6303,63,สามเงา,Sam Ngao,3209.6120917199996
6304,63,แม่ระมาด,Mae Ramat,1757.80068493
6305,63,ท่าสองยาง,Tha Song Yang,2245.80676828
6306,63,แม่สอด,Mae Sot,1836.63927174
6307,63,พบพระ,Phop Phra,1134.70348738
6308,63,อุ้มผาง,Um Phang,5564.90057916
6309,63,วังเจ้า,Wang Chao,830.0663370010001
6401,64,เมืองสุโขทัย,Mueang Sukhothai,641.204385878
6402,64,บ้านด่านลานหอย,Ban Dan Lan Hoi,1069.12176797
6403,64,คีรีมาศ,Khiri Mat,787.353796365
6404,64,กงไกรลาศ,Kong Krailat,520.534079438
6405,64,ศรีสัชนาลัย,Si Satchanalai,2450.01540488
6406,64,ศรีสำโรง,Si Samrong,647.1869049850001
6407,64,สวรรคโลก,Sawankhalok,718.799053843
6408,64,ศรีนคร,Si Nakhon,212.507268718
6409,64,ทุ่งเสลี่ยม,Thung Saliam,676.554391914
6501,65,เมืองพิษณุโลก,Mueang Phitsanulok,830.9465171009999
6502,65,นครไทย,Nakhon Thai,2742.680884
6503,65,ชาติตระการ,Chat Trakan,1919.14965923
6504,65,บางระกำ,Bang Rakam,1121.90315169
6505,65,บางกระทุ่ม,Bang Krathum,409.826011678
6506,65,พรหมพิราม,Phrom Phiram,964.359182239
6507,65,วัดโบสถ์,Wat Bot,1029.0605071
6508,65,วังทอง,Wang Thong,1989.0687033800002
6509,65,เนินมะปราง,Noen Maprang,1287.76906309
6601,66,เมืองพิจิตร,Mueang Phichit,634.381021419
6602,66,วังทรายพูน,Wang Sai Phun,297.26322148400004
6603,66,โพธิ์ประทับช้าง,Pho Prathap Chang,468.419160314
6604,66,ตะพานหิน,Taphan Hin,512.673683932
6605,66,บางมูลนาก,Bang Mun Nak,455.061332166
6606,66,โพทะเล,Pho Thale,607.20253971
6607,66,สามง่าม,Sam Ngam,422.087491917
6608,66,ทับคล้อ,Thap Khlo,474.47267488700004
6609,66,สากเหล็ก,Sak Lek,203.131555276
6610,66,บึงนาราง,Bueng Na Rang,341.181012661
6611,66,ดงเจริญ,Dong Charoen,268.360718702
6612,66,วชิรบารมี,Wachira Barami,321.388870702
6701,67,เมืองเพชรบูรณ์,Mueang Phetchabun,2613.93792153
6702,67,ชนแดน,Chon Daen,1292.59245024
6703,67,หล่มสัก,Lom Sak,1643.86873024
6704,67,หล่มเก่า,Lom Kao,1121.05435239
6705,67,วิเชียรบุรี,Wichian Buri,1721.86244218
6706,67,ศรีเทพ,Si Thep,943.596229695
6707,67,หนองไผ่,Nong Phai,1460.57423756
6708,67,บึงสามพัน,Bueng Sam Phan,914.689083884
6709,67,น้ำหนาว,Nam Nao,1081.31567699
6710,67,วังโป่ง,Wang Pong,574.85071909
6711,67,เขาค้อ,Khao Kho,952.286427549
7001,70,เมืองราชบุรี,Mueang Ratchaburi,553.722255786
7002,70,จอมบึง,Chom Bueng,914.494005979
7003,70,สวนผึ้ง,Suan Phueng,1149.94844769
7004,70,ดำเนินสะดวก,Damnoen Saduak,243.346805954
7005,70,บ้านโป่ง,Ban Pong,402.819711853
7006,70,บางแพ,Bang Phae,210.738795976
7007,70,โพธาราม,Photharam,559.872444136
7008,70,ปากท่อ,Pak Tho,929.6733009129999
7009,70,วัดเพลง,Wat Phleng,43.2615819814
7010,70,บ้านคา,Ban Kha,980.450177738
7101,71,เมืองกาญจนบุรี,Mueang Kanchanaburi,1716.25157018
7102,71,ไทรโยค,Sai Yok,2977.58124309
7103,71,บ่อพลอย,Bo Phloi,1429.3566422899999
7104,71,ศรีสวัสดิ์,Si Sawat,3399.60022982
7105,71,ท่ามะกา,Tha Maka,459.283463951
7106,71,ท่าม่วง,Tha Muang,666.543243244
7107,71,ทองผาภูมิ,Thong Pha Phum,4464.358465390001
7108,71,สังขละบุรี,Sangkhla Buri,3647.4297594699997
7109,71,พนมทวน,Phanom Thuan,529.743104096
7110,71,เลาขวัญ,Lao Khwan,1153.26387868
7111,71,ด่านมะขามเตี้ย,Dan Makham Tia,679.0758921490001
7112,71,หนองปรือ,Nong Prue,613.783827847
7113,71,ห้วยกระเจา,Huai Krachao,627.818373097
7201,72,เมืองสุพรรณบุรี,Mueang Suphan Buri,562.035428509
7202,72,เดิมบางนางบวช,Doem Bang Nang Buat,584.3192627560001
7203,72,ด่านช้าง,Dan Chang,1416.87468252
7204,72,บางปลาม้า,Bang Pla Ma,574.752492555
7205,72,ศรีประจันต์,Si Prachan,321.338629389
7206,72,ดอนเจดีย์,Don Chedi,371.82975305900004
7207,72,สองพี่น้อง,Song Phi Nong,833.28984987
7208,72,สามชุก,Sam Chuk,345.795765049
7209,72,อู่ทอง,U Thong,742.484873274
7210,72,หนองหญ้าไซ,Nong Ya Sai,496.544700277
7301,73,เมืองนครปฐม,Mueang Nakhon Pathom,474.582459851
7302,73,กำแพงแสน,Kamphaeng Saen,557.069235505
7303,73,นครชัยศรี,Nakhon Chai Si,301.604869741
7304,73,ดอนตูม,Don Tum,174.309205626
7305,73,บางเลน,Bang Len,625.525730515
7306,73,สามพราน,Sam Phran,265.026572457
7307,73,พุทธมณฑล,Phuttha Monthon,77.46018880689999
7401,74,เมืองสมุทรสาคร,Mueang Samut Sakhon,531.820668041
7402,74,กระทุ่มแบน,Krathum Baen,150.444777697
7403,74,บ้านแพ้ว,Ban Phaeo,318.83353068400004
7501,75,เมืองสมุทรสงคราม,Mueang Samut Songkhram,202.736053593
7502,75,บางคนที,Bang Khonthi,76.8829425454
7503,75,อัมพวา,Amphawa,197.689477035
7601,76,เมืองเพชรบุรี,Mueang Phetchaburi,332.372549778
7602,76,เขาย้อย,Khao Yoi,365.370251003
7603,76,หนองหญ้าปล้อง,Nong Ya Plong,1412.8551481900001
7604,76,ชะอำ,Cha-Am,605.2991711000001
7605,76,ท่ายาง,Tha Yang,901.470533422
7606,76,บ้านลาด,Ban Lat,302.00566532700003
7607,76,บ้านแหลม,Ban Laem,230.78574049099998
7608,76,แก่งกระจาน,Kaeng Krachan,2967.71676494
7701,77,เมืองประจวบคีรีขันธ์,Mueang Prachuap Khiri Khan,970.857517718
7702,77,กุยบุรี,Kui Buri,994.973974332
7703,77,ทับสะแก,Thap Sakae,625.838420101
7704,77,บางสะพาน,Bang Saphan,863.1517670679999
7705,77,บางสะพานน้อย,Bang Saphan Noi,796.289974273
7706,77,ปราณบุรี,Pran Buri,737.604160654
7707,77,หัวหิน,Hua Hin,1347.06045948
7708,77,สามร้อยยอด,Sam Roi Yot,1054.3119984500001
8001,80,เมืองนครศรีธรรมราช,Mueang Nakhon Si Thammarat,640.362062034
8002,80,พรหมคีรี,Phrom Khiri,283.468269954
8003,80,ลานสกา,Lan Saka,396.279553045
8004,80,ฉวาง,Chawang,497.83993124
8005,80,พิปูน,Phipun,567.683422894
8006,80,เชียรใหญ่,Chian Yai,370.194539856
8007,80,ชะอวด,Cha-Uat,863.107633976
8008,80,ท่าศาลา,Tha Sala,480.549694004
8009,80,ทุ่งสง,Thung Song,1045.676049
8010,80,นาบอน,Na Bon,238.756977273
8011,80,ทุ่งใหญ่,Thung Yai,690.018142056
8012,80,ปากพนัง,Pak Phanang,610.5552393170001
8013,80,ร่อนพิบูลย์,Ron Phibun,493.773822964
8014,80,สิชล,Sichon,790.69469252
8015,80,ขนอม,Khanom,358.180744592663
8016,80,หัวไทร,Hua Sai,503.181012721
8017,80,บางขัน,Bang Khan,539.553424354
8018,80,ถ้ำพรรณรา,Tham Phannara,202.685568786
8019,80,จุฬาภรณ์,Chulaphon,265.028081783
8020,80,พระพรหม,Phra Phrom,171.354785728
8021,80,นบพิตำ,King Amphoe Nopphitam,829.8680999889999
8022,80,ช้างกลาง,King Amphoe Chang Klang,313.490740776
8023,80,เฉลิมพระเกียรติ,Chaloem Phrakiat,208.076203778
8101,81,เมืองกระบี่,Mueang Krabi,1038.1844008599903
8102,81,เขาพนม,Khao Phanom,975.449724186
8103,81,เกาะลันตา,Ko Lanta,385.65806841530895
8104,81,คลองท่อม,Khlong Thom,1282.8942501099998
8105,81,อ่าวลึก,Ao Luek,905.741015545
8106,81,ปลายพระยา,Plai Phraya,607.0006217690001
8107,81,ลำทับ,Lam Thap,323.37588466500006
8108,81,เหนือคลอง,Nuea Khlong,589.7747901800461
8201,82,เมืองพังงา,Mueang Phangnga,749.457174801
8202,82,เกาะยาว,Ko Yao,1193.72377457
8203,82,กะปง,Kapong,695.13562093
8204,82,ตะกั่วทุ่ง,Takua Thung,747.630835288
8205,82,ตะกั่วป่า,Takua Pa,688.681062622
8206,82,คุระบุรี,Khura Buri,1160.4625026569136
8207,82,ทับปุด,Thap Put,343.136320735
8208,82,ท้ายเหมือง,Thai Mueang,700.2669212970001
8301,83,เมืองภูเก็ต,Mueang Phuket,206.80759538440327
8302,83,กะทู้,Kathu,90.5269255803
8303,83,ถลาง,Thalang,330.85974361703273
8401,84,เมืองสุราษฎร์ธานี,Mueang Surat Thani,384.425825618
8402,84,กาญจนดิษฐ์,Kanchanadit,1236.23865781
8403,84,ดอนสัก,Don Sak,418.2091620833838
8404,84,เกาะสมุย,Ko Samui,316.89836207914493
8405,84,เกาะพะงัน,Ko Pha-Ngan,140.956436327425
8406,84,ไชยา,Chaiya,755.573259094
8407,84,ท่าชนะ,Tha Chana,1154.40579731
8408,84,คีรีรัฐนิคม,Khiri Rat Nikhom,875.733736719
8409,84,บ้านขุนตาล,Ban Ta Khun,1668.3407918399998
8410,84,พนม,Phanom,1398.65208914
8411,84,ท่าฉาง,Tha Chang,1253.00381832
8412,84,บ้านนาสาร,Ban Na San,883.141022637
8413,84,บ้านนาเดิม,Ban Na Doem,213.746812976
8414,84,เคียนซา,Khian Sa,863.664521219
8415,84,เวียงสระ,Wiang Sa,441.784832511
8416,84,พระแสง,Phra Saeng,814.514982444
8417,84,พุนพิน,Phunphin,1095.26900021
8418,84,ชัยบุรี,Chai Buri,535.448304992
8419,84,วิภาวดี,Vibhavadi,569.285032691
8501,85,เมืองระนอง,Mueang Ranong,852.2977624367729
8502,85,ละอุ่น,La-Un,635.4993015000001
8503,85,กะเปอร์,Kapoe,593.9437765794432
8504,85,กระบุรี,Kra Buri,1098.82479668
8505,85,สุขสำราญ,Suk Samran,521.2350820855836
8601,86,เมืองชุมพร,Mueang Chumphon,915.9228552091042
8602,86,ท่าแซะ,Tha Sae,1698.9976098599998
8603,86,ปะทิว,Pathio,876.4749234332634
8604,86,หลังสวน,Lang Suan,674.621194315069
8605,86,ละแม,Lamae,423.120091591
8606,86,พะโต๊ะ,Phato,1005.72654075
8607,86,สวี,Sawi,963.8570095688264
8608,86,ทุ่งตะโก,Thung Tako,332.50995913013173
9001,90,เมืองสงขลา,Mueang Songkhla,235.05417363
9002,90,สทิงพระ,Sathing Phra,228.58470643
9003,90,จะนะ,Chana,725.0978849630001
9004,90,นาทวี,Na Thawi,895.8904835
9005,90,เทพา,Thepha,762.5743127009999
9006,90,สะบ้าย้อย,Saba Yoi,1088.75083773
9007,90,ระโนด,Ranot,508.177548226
9008,90,กระแสสินธุ์,Krasae Sin,355.137555841
9009,90,รัตภูมิ,Rattaphum,764.645393379
9010,90,สะเดา,Sadao,1189.573274
9011,90,หาดให่ญ,Hat Yai,911.750037051
9012,90,นาหม่อม,Na Mom,163.059976201
9013,90,ควนเนียง,Khuan Niang,285.37161995499997
9014,90,บางกล่ำ,Bang Klam,166.544289921
9015,90,สิงหนคร,Singhanakhon,278.320218664
9016,90,คลองหอยโข่ง,Khlong Hoi Khong,348.33249647
9101,91,เมืองสตูล,Mueang Satun,1120.5344825887387
9102,91,ควนโดน,Khuan Don,253.82771259700002
9103,91,ควนกาหลง,Khuan Kalong,611.6247785090001
9104,91,ท่าแพ,Tha Phae,258.487543146
9105,91,ละงู,La-Ngu,455.07763955886
9106,91,ทุ่งหว้า,Thung Wa,529.681244202
9107,91,มะนัง,Manang,241.424305373
9201,92,เมืองตรัง,Mueang Trang,505.41418497
9202,92,กันตัง,Kantang,743.1222822113302
9203,92,ย่านตาขาว,Yan Ta Khao,509.506238135
9204,92,ปะเหลียน,Palian,949.047218263935
9205,92,สิเกา,Sikao,530.0320227964269
9206,92,ห้วยยอด,Huai Yot,888.8525757389999
9207,92,วังวิเศษ,Wang Wiset,575.519286925
9208,92,นาโยง,Na Yong,283.126249115
9209,92,รัษฎา,Ratsada,252.28044062999996
9210,92,หาดสำราญ,Hat Samran,196.6534738777898
9301,93,เมืองพัทลุง,Mueang Phatthalung,557.2231011160001
9302,93,กงหรา,Kong Ra,350.610906156
9303,93,เขาชัยสน,Khao Chaison,386.093408281
9304,93,ตะโหมด,Tamot,318.11460275300004
9305,93,ควนขนุน,Khuan Khanun,621.54513049
9306,93,ปากพะยูน,Pak Phayun,555.832488164
9307,93,ศรีบรรพต,Si Banphot,275.86751617299996
9308,93,ป่าบอน,Pa Bon,557.969203701
9309,93,บางแก้ว,Bang Kaeo,178.256725325
9310,93,ป่าพยอม,Pa Phayom,347.330629969
9311,93,ศรีนครินทร์,Srinagarindra,290.286191279
9401,94,เมืองปัตตานี,Mueang Pattani,108.550705963
9402,94,โคกโพธิ์,Khok Pho,348.222567764
9403,94,หนองจิก,Nong Chik,273.53715055000004
9404,94,ปะนาเระ,Panare,165.633145037
9405,94,มายอ,Mayo,232.846103252
9406,94,ทุ่งยางแดง,Thung Yang Daeng,160.39461032
9407,94,สายบุรี,Sai Buri,234.93516503200001
9408,94,ไม้แก่น,Mai Kaen,66.9033102541
9409,94,ยะหริ่ง,Yaring,249.150926306
9410,94,ยะรัง,Yarang,251.517772375
9411,94,กะพ้อ,Kapho,95.3173123164
9412,94,แม่ลาน,Mae Lan,89.94535359289999
9501,95,เมืองยะลา,Mueang Yala,368.074001046
9502,95,เบตง,Betong,1518.69370756
9503,95,บันนังสตา,Bannang Sata,667.552915105
9504,95,ธารโต,Than To,775.787201534
9505,95,ยะหา,Yaha,540.996255915
9506,95,รามัน,Raman,558.462485068
9507,95,กาบัง,Kabang,511.29566088200005
9508,95,กรงปีนัง,Krong Pinang,211.63468900499998
9601,96,เมืองนราธิวาส,Mueang Narathiwat,362.992549566
9602,96,ตากใบ,Tak Bai,322.302023487
9603,96,บาเจาะ,Bacho,210.75072057499997
9604,96,ยี่งอ,Yi-Ngo,214.03485271399998
9605,96,ระแงะ,Ra-Ngae,507.48273246499997
9606,96,รือเสาะ,Rueso,547.963669954
9607,96,ศรีสาคร,Si Sakhon,602.861522066
9608,96,แว้ง,Waeng,325.384238074
9609,96,สุคิริน,Sukhirin,594.345412893
9610,96,สุไหงโก-ลก,Su-Ngai Kolok,157.516401451
9611,96,สุไหงปาดี,Su-Ngai Padi,440.338059288
9612,96,จะแนะ,Chanae,664.464651402
9613,96,เจาะไอร้อง,Cho-Ai Rong,223.728716451
